<?xml version="1.0" encoding="UTF-8" ?>
<!-- This is a WordPress eXtended RSS file generated by WordPress as an export of your site. -->
<!-- It contains information about your site's posts, pages, comments, categories, and other content. -->
<!-- You may use this file to transfer that content from one site to another. -->
<!-- This file is not intended to serve as a complete backup of your site. -->

<!-- To import this information into a WordPress site follow these steps: -->
<!-- 1. Log in to that site as an administrator. -->
<!-- 2. Go to Tools: Import in the WordPress admin panel. -->
<!-- 3. Install the "WordPress" importer from the list. -->
<!-- 4. Activate & Run Importer. -->
<!-- 5. Upload this file using the form provided on that page. -->
<!-- 6. You will first be asked to map the authors in this export file to users -->
<!--    on the site. For each author, you may choose to map to an -->
<!--    existing user on the site or to create a new user. -->
<!-- 7. WordPress will then import each of the posts, pages, comments, categories, etc. -->
<!--    contained in this file into your site. -->

	<!-- generator="WordPress/5.8.2" created="2021-12-07 22:53" -->
<rss version="2.0"
	xmlns:excerpt="http://wordpress.org/export/1.2/excerpt/"
	xmlns:content="http://purl.org/rss/1.0/modules/content/"
	xmlns:wfw="http://wellformedweb.org/CommentAPI/"
	xmlns:dc="http://purl.org/dc/elements/1.1/"
	xmlns:wp="http://wordpress.org/export/1.2/"
>

<channel>
	<title>Julia</title>
	<link>http://localhost/sitedaJulia</link>
	<description>Estudante de Tecnologia</description>
	<pubDate>Tue, 07 Dec 2021 22:53:29 +0000</pubDate>
	<language>pt-BR</language>
	<wp:wxr_version>1.2</wp:wxr_version>
	<wp:base_site_url>http://localhost/sitedaJulia</wp:base_site_url>
	<wp:base_blog_url>http://localhost/sitedaJulia</wp:base_blog_url>

		<wp:author><wp:author_id>1</wp:author_id><wp:author_login><![CDATA[Julia]]></wp:author_login><wp:author_email><![CDATA[julianogueira122@outlook.com]]></wp:author_email><wp:author_display_name><![CDATA[Julia]]></wp:author_display_name><wp:author_first_name><![CDATA[]]></wp:author_first_name><wp:author_last_name><![CDATA[]]></wp:author_last_name></wp:author>

		<wp:category>
		<wp:term_id>1</wp:term_id>
		<wp:category_nicename><![CDATA[sem-categoria]]></wp:category_nicename>
		<wp:category_parent><![CDATA[]]></wp:category_parent>
		<wp:cat_name><![CDATA[Sem categoria]]></wp:cat_name>
	</wp:category>
					<wp:term><wp:term_id>2</wp:term_id><wp:term_taxonomy>nav_menu</wp:term_taxonomy><wp:term_slug><![CDATA[menu]]></wp:term_slug><wp:term_name><![CDATA[Menu]]></wp:term_name>
</wp:term>
	<wp:term><wp:term_id>3</wp:term_id><wp:term_taxonomy>nav_menu</wp:term_taxonomy><wp:term_slug><![CDATA[voltar]]></wp:term_slug><wp:term_name><![CDATA[Voltar]]></wp:term_name>
</wp:term>

	<generator>https://wordpress.org/?v=5.8.2</generator>

		<item>
		<title><![CDATA[Olá, mundo!]]></title>
		<link>http://localhost/sitedaJulia/2021/12/02/ola-mundo/</link>
		<pubDate>Thu, 02 Dec 2021 20:47:51 +0000</pubDate>
		<dc:creator><![CDATA[Julia]]></dc:creator>
		<guid isPermaLink="false">http://localhost/sitedaJulia/?p=1</guid>
		<description></description>
		<content:encoded><![CDATA[<!-- wp:paragraph -->
<p>Boas-vindas ao WordPress. Esse é o seu primeiro post. Edite-o ou exclua-o, e então comece a escrever!</p>
<!-- /wp:paragraph -->]]></content:encoded>
		<excerpt:encoded><![CDATA[]]></excerpt:encoded>
		<wp:post_id>1</wp:post_id>
		<wp:post_date><![CDATA[2021-12-02 17:47:51]]></wp:post_date>
		<wp:post_date_gmt><![CDATA[2021-12-02 20:47:51]]></wp:post_date_gmt>
		<wp:post_modified><![CDATA[2021-12-02 17:47:51]]></wp:post_modified>
		<wp:post_modified_gmt><![CDATA[2021-12-02 20:47:51]]></wp:post_modified_gmt>
		<wp:comment_status><![CDATA[open]]></wp:comment_status>
		<wp:ping_status><![CDATA[open]]></wp:ping_status>
		<wp:post_name><![CDATA[ola-mundo]]></wp:post_name>
		<wp:status><![CDATA[publish]]></wp:status>
		<wp:post_parent>0</wp:post_parent>
		<wp:menu_order>0</wp:menu_order>
		<wp:post_type><![CDATA[post]]></wp:post_type>
		<wp:post_password><![CDATA[]]></wp:post_password>
		<wp:is_sticky>0</wp:is_sticky>
										<category domain="category" nicename="sem-categoria"><![CDATA[Sem categoria]]></category>
						<wp:comment>
			<wp:comment_id>1</wp:comment_id>
			<wp:comment_author><![CDATA[Um comentarista do WordPress]]></wp:comment_author>
			<wp:comment_author_email><![CDATA[wapuu@wordpress.example]]></wp:comment_author_email>
			<wp:comment_author_url>https://wordpress.org/</wp:comment_author_url>
			<wp:comment_author_IP><![CDATA[]]></wp:comment_author_IP>
			<wp:comment_date><![CDATA[2021-12-02 17:47:51]]></wp:comment_date>
			<wp:comment_date_gmt><![CDATA[2021-12-02 20:47:51]]></wp:comment_date_gmt>
			<wp:comment_content><![CDATA[Olá, isso é um comentário.
Para começar a moderar, editar e excluir comentários, visite a tela de Comentários no painel.
Avatares de comentaristas vêm a partir do <a href="https://gravatar.com">Gravatar</a>.]]></wp:comment_content>
			<wp:comment_approved><![CDATA[1]]></wp:comment_approved>
			<wp:comment_type><![CDATA[comment]]></wp:comment_type>
			<wp:comment_parent>0</wp:comment_parent>
			<wp:comment_user_id>0</wp:comment_user_id>
							</wp:comment>
					</item>
					<item>
		<title><![CDATA[Página de exemplo]]></title>
		<link>http://localhost/sitedaJulia/pagina-exemplo/</link>
		<pubDate>Thu, 02 Dec 2021 20:47:51 +0000</pubDate>
		<dc:creator><![CDATA[Julia]]></dc:creator>
		<guid isPermaLink="false">http://localhost/sitedaJulia/?page_id=2</guid>
		<description></description>
		<content:encoded><![CDATA[<!-- wp:paragraph -->
<p>Esta é uma página de exemplo. É diferente de um post no blog porque ela permanecerá em um lugar e aparecerá na navegação do seu site na maioria dos temas. Muitas pessoas começam com uma página que as apresenta a possíveis visitantes do site. Ela pode dizer algo assim:</p>
<!-- /wp:paragraph -->

<!-- wp:quote -->
<blockquote class="wp-block-quote"><p>Olá! Eu sou um mensageiro de bicicleta durante o dia, ator aspirante à noite, e este é o meu site. Eu moro em São Paulo, tenho um grande cachorro chamado Rex e gosto de tomar caipirinha (e banhos de chuva).</p></blockquote>
<!-- /wp:quote -->

<!-- wp:paragraph -->
<p>...ou alguma coisa assim:</p>
<!-- /wp:paragraph -->

<!-- wp:quote -->
<blockquote class="wp-block-quote"><p>A Companhia de Miniaturas XYZ foi fundada em 1971, e desde então tem fornecido miniaturas de qualidade ao público. Localizada na cidade de Itu, a XYZ emprega mais de 2.000 pessoas e faz coisas grandiosas para a comunidade da cidade.</p></blockquote>
<!-- /wp:quote -->

<!-- wp:paragraph -->
<p>Como um novo usuário do WordPress, você deveria ir ao <a href="http://localhost/sitedaJulia/wp-admin/">painel</a> para excluir essa página e criar novas páginas para o seu conteúdo. Divirta-se!</p>
<!-- /wp:paragraph -->]]></content:encoded>
		<excerpt:encoded><![CDATA[]]></excerpt:encoded>
		<wp:post_id>2</wp:post_id>
		<wp:post_date><![CDATA[2021-12-02 17:47:51]]></wp:post_date>
		<wp:post_date_gmt><![CDATA[2021-12-02 20:47:51]]></wp:post_date_gmt>
		<wp:post_modified><![CDATA[2021-12-02 17:47:51]]></wp:post_modified>
		<wp:post_modified_gmt><![CDATA[2021-12-02 20:47:51]]></wp:post_modified_gmt>
		<wp:comment_status><![CDATA[closed]]></wp:comment_status>
		<wp:ping_status><![CDATA[open]]></wp:ping_status>
		<wp:post_name><![CDATA[pagina-exemplo]]></wp:post_name>
		<wp:status><![CDATA[publish]]></wp:status>
		<wp:post_parent>0</wp:post_parent>
		<wp:menu_order>0</wp:menu_order>
		<wp:post_type><![CDATA[page]]></wp:post_type>
		<wp:post_password><![CDATA[]]></wp:post_password>
		<wp:is_sticky>0</wp:is_sticky>
														<wp:postmeta>
		<wp:meta_key><![CDATA[_wp_page_template]]></wp:meta_key>
		<wp:meta_value><![CDATA[default]]></wp:meta_value>
		</wp:postmeta>
							</item>
					<item>
		<title><![CDATA[Política de privacidade]]></title>
		<link>http://localhost/sitedaJulia/?page_id=3</link>
		<pubDate>Thu, 02 Dec 2021 20:47:51 +0000</pubDate>
		<dc:creator><![CDATA[Julia]]></dc:creator>
		<guid isPermaLink="false">http://localhost/sitedaJulia/?page_id=3</guid>
		<description></description>
		<content:encoded><![CDATA[<!-- wp:heading --><h2>Quem somos</h2><!-- /wp:heading --><!-- wp:paragraph --><p><strong class="privacy-policy-tutorial">Texto sugerido: </strong>O endereço do nosso site é: http://localhost/sitedaJulia.</p><!-- /wp:paragraph --><!-- wp:heading --><h2>Comentários</h2><!-- /wp:heading --><!-- wp:paragraph --><p><strong class="privacy-policy-tutorial">Texto sugerido: </strong>Quando os visitantes deixam comentários no site, coletamos os dados mostrados no formulário de comentários, além do endereço de IP e de dados do navegador do visitante, para auxiliar na detecção de spam.</p><!-- /wp:paragraph --><!-- wp:paragraph --><p>Uma sequência anonimizada de caracteres criada a partir do seu e-mail (também chamada de hash) poderá ser enviada para o Gravatar para verificar se você usa o serviço. A política de privacidade do Gravatar está disponível aqui: https://automattic.com/privacy/. Depois da aprovação do seu comentário, a foto do seu perfil fica visível publicamente junto de seu comentário.</p><!-- /wp:paragraph --><!-- wp:heading --><h2>Mídia</h2><!-- /wp:heading --><!-- wp:paragraph --><p><strong class="privacy-policy-tutorial">Texto sugerido: </strong>Se você envia imagens para o site, evite enviar as que contenham dados de localização incorporados (EXIF GPS). Visitantes podem baixar estas imagens do site e extrair delas seus dados de localização.</p><!-- /wp:paragraph --><!-- wp:heading --><h2>Cookies</h2><!-- /wp:heading --><!-- wp:paragraph --><p><strong class="privacy-policy-tutorial">Texto sugerido: </strong>Ao deixar um comentário no site, você poderá optar por salvar seu nome, e-mail e site nos cookies. Isso visa seu conforto, assim você não precisará preencher seus  dados novamente quando fizer outro comentário. Estes cookies duram um ano.</p><!-- /wp:paragraph --><!-- wp:paragraph --><p>Se você tem uma conta e acessa este site, um cookie temporário será criado para determinar se seu navegador aceita cookies. Ele não contém nenhum dado pessoal e será descartado quando você fechar seu navegador.</p><!-- /wp:paragraph --><!-- wp:paragraph --><p>Quando você acessa sua conta no site, também criamos vários cookies para salvar os dados da sua conta e suas escolhas de exibição de tela. Cookies de login são mantidos por dois dias e cookies de opções de tela por um ano. Se você selecionar &quot;Lembrar-me&quot;, seu acesso será mantido por duas semanas. Se você se desconectar da sua conta, os cookies de login serão removidos.</p><!-- /wp:paragraph --><!-- wp:paragraph --><p>Se você editar ou publicar um artigo, um cookie adicional será salvo no seu navegador. Este cookie não inclui nenhum dado pessoal e simplesmente indica o ID do post referente ao artigo que você acabou de editar. Ele expira depois de 1 dia.</p><!-- /wp:paragraph --><!-- wp:heading --><h2>Mídia incorporada de outros sites</h2><!-- /wp:heading --><!-- wp:paragraph --><p><strong class="privacy-policy-tutorial">Texto sugerido: </strong>Artigos neste site podem incluir conteúdo incorporado como, por exemplo, vídeos, imagens, artigos, etc. Conteúdos incorporados de outros sites se comportam exatamente da mesma forma como se o visitante estivesse visitando o outro site.</p><!-- /wp:paragraph --><!-- wp:paragraph --><p>Estes sites podem coletar dados sobre você, usar cookies, incorporar rastreamento adicional de terceiros e monitorar sua interação com este conteúdo incorporado, incluindo sua interação com o conteúdo incorporado se você tem uma conta e está conectado com o site.</p><!-- /wp:paragraph --><!-- wp:heading --><h2>Com quem compartilhamos seus dados</h2><!-- /wp:heading --><!-- wp:paragraph --><p><strong class="privacy-policy-tutorial">Texto sugerido: </strong>Se você solicitar uma redefinição de senha, seu endereço de IP será incluído no e-mail de redefinição de senha.</p><!-- /wp:paragraph --><!-- wp:heading --><h2>Por quanto tempo mantemos os seus dados</h2><!-- /wp:heading --><!-- wp:paragraph --><p><strong class="privacy-policy-tutorial">Texto sugerido: </strong>Se você deixar um comentário, o comentário e os seus metadados são conservados indefinidamente. Fazemos isso para que seja possível reconhecer e aprovar automaticamente qualquer comentário posterior ao invés de retê-lo para moderação.</p><!-- /wp:paragraph --><!-- wp:paragraph --><p>Para usuários que se registram no nosso site (se houver), também guardamos as informações pessoais que fornecem no seu perfil de usuário. Todos os usuários podem ver, editar ou excluir suas informações pessoais a qualquer momento (só não é possível alterar o seu username). Os administradores de sites também podem ver e editar estas informações.</p><!-- /wp:paragraph --><!-- wp:heading --><h2>Quais os seus direitos sobre seus dados</h2><!-- /wp:heading --><!-- wp:paragraph --><p><strong class="privacy-policy-tutorial">Texto sugerido: </strong>Se você tiver uma conta neste site ou se tiver deixado comentários, pode solicitar um arquivo exportado dos dados pessoais que mantemos sobre você, inclusive quaisquer dados que nos tenha fornecido. Também pode solicitar que removamos qualquer dado pessoal que mantemos sobre você. Isto não inclui nenhuns dados que somos obrigados a manter para propósitos administrativos, legais ou de segurança.</p><!-- /wp:paragraph --><!-- wp:heading --><h2>Para onde enviamos seus dados</h2><!-- /wp:heading --><!-- wp:paragraph --><p><strong class="privacy-policy-tutorial">Texto sugerido: </strong>Comentários de visitantes podem ser marcados por um serviço automático de detecção de spam.</p><!-- /wp:paragraph -->]]></content:encoded>
		<excerpt:encoded><![CDATA[]]></excerpt:encoded>
		<wp:post_id>3</wp:post_id>
		<wp:post_date><![CDATA[2021-12-02 17:47:51]]></wp:post_date>
		<wp:post_date_gmt><![CDATA[2021-12-02 20:47:51]]></wp:post_date_gmt>
		<wp:post_modified><![CDATA[2021-12-02 17:47:51]]></wp:post_modified>
		<wp:post_modified_gmt><![CDATA[2021-12-02 20:47:51]]></wp:post_modified_gmt>
		<wp:comment_status><![CDATA[closed]]></wp:comment_status>
		<wp:ping_status><![CDATA[open]]></wp:ping_status>
		<wp:post_name><![CDATA[politica-de-privacidade]]></wp:post_name>
		<wp:status><![CDATA[draft]]></wp:status>
		<wp:post_parent>0</wp:post_parent>
		<wp:menu_order>0</wp:menu_order>
		<wp:post_type><![CDATA[page]]></wp:post_type>
		<wp:post_password><![CDATA[]]></wp:post_password>
		<wp:is_sticky>0</wp:is_sticky>
														<wp:postmeta>
		<wp:meta_key><![CDATA[_wp_page_template]]></wp:meta_key>
		<wp:meta_value><![CDATA[default]]></wp:meta_value>
		</wp:postmeta>
							</item>
					<item>
		<title><![CDATA[Home]]></title>
		<link>http://localhost/sitedaJulia/home/</link>
		<pubDate>Mon, 06 Dec 2021 23:39:55 +0000</pubDate>
		<dc:creator><![CDATA[Julia]]></dc:creator>
		<guid isPermaLink="false">http://localhost/sitedaJulia/?page_id=6</guid>
		<description></description>
		<content:encoded><![CDATA[<ul id="menu-menu"><li id="menu-item-129"><a href="#Trabalhos">Trabalhos</a></li>
<li id="menu-item-130"><a href="#Contato">Contato</a></li>
</ul>		
					<ul>
							<li>
											<a href="https://www.facebook.com/julia.nogueira.92351995">
										Facebook
											</a>
									</li>
								<li>
											<a href="https://www.instagram.com/ajuliasantos7/">
										Instagram
											</a>
									</li>
								<li>
											<a href="https://github.com/ajuliasantos7">
										GitHub
											</a>
									</li>
						</ul>
		<p>Olá, me chamo Julia, tenho 21 anos. Tenho ensino médio completo.</p>		
			<a href="https://www.linkedin.com/in/julia-nogueira-97867921b/" role="button">
						LinkedIn
					</a>
			<h2>Trabalhos</h2>		
                <ul><li data-load-more-status="0" data-first-init="1" data-filter="*">All</li><li data-load-more-status="0" data-first-init="0" data-filter=".eael-cf-gallery-item">Gallery Item</li></ul>
				<img src="http://localhost/sitedaJulia/wp-content/uploads/2021/12/WhatsApp-Image-2021-12-06-at-23.36.24.jpeg" data-lazy-src="http://localhost/sitedaJulia/wp-content/uploads/2021/12/WhatsApp-Image-2021-12-06-at-23.36.24.jpeg" alt=""><h5>Gallery Item Name</h5><p>Lorem ipsum dolor sit amet, consectetur adipisicing elit. Quidem, provident.</p>
<a href="http://localhost/sitedaJulia/wp-content/uploads/2021/12/WhatsApp-Image-2021-12-06-at-23.36.24.jpeg" data-elementor-open-lightbox="no">
            </a><a href="#"></a>
				<img src="http://localhost/sitedaJulia/wp-content/uploads/2021/12/WhatsApp-Image-2021-12-06-at-23.36.24-1.jpeg" data-lazy-src="http://localhost/sitedaJulia/wp-content/uploads/2021/12/WhatsApp-Image-2021-12-06-at-23.36.24-1.jpeg" alt=""><h5>Gallery Item Name</h5><p>Lorem ipsum dolor sit amet, consectetur adipisicing elit. Quidem, provident.</p>
<a href="http://localhost/sitedaJulia/wp-content/uploads/2021/12/WhatsApp-Image-2021-12-06-at-23.36.24-1.jpeg" data-elementor-open-lightbox="no">
            </a><a href="#"></a>
				<img src="http://localhost/sitedaJulia/wp-content/uploads/2021/12/WhatsApp-Image-2021-11-27-at-17.55.56.jpeg" data-lazy-src="http://localhost/sitedaJulia/wp-content/uploads/2021/12/WhatsApp-Image-2021-11-27-at-17.55.56.jpeg" alt=""><h5>Gallery Item Name</h5><p>Lorem ipsum dolor sit amet, consectetur adipisicing elit. Quidem, provident.</p>
<a href="http://localhost/sitedaJulia/wp-content/uploads/2021/12/WhatsApp-Image-2021-11-27-at-17.55.56.jpeg" data-elementor-open-lightbox="no">
            </a><a href="#"></a>            
			<ul id="menu-voltar"><li id="menu-item-153"><a href="#Subir">Subir</a></li>
</ul>]]></content:encoded>
		<excerpt:encoded><![CDATA[]]></excerpt:encoded>
		<wp:post_id>6</wp:post_id>
		<wp:post_date><![CDATA[2021-12-06 20:39:55]]></wp:post_date>
		<wp:post_date_gmt><![CDATA[2021-12-06 23:39:55]]></wp:post_date_gmt>
		<wp:post_modified><![CDATA[2021-12-07 19:26:27]]></wp:post_modified>
		<wp:post_modified_gmt><![CDATA[2021-12-07 22:26:27]]></wp:post_modified_gmt>
		<wp:comment_status><![CDATA[closed]]></wp:comment_status>
		<wp:ping_status><![CDATA[closed]]></wp:ping_status>
		<wp:post_name><![CDATA[home]]></wp:post_name>
		<wp:status><![CDATA[publish]]></wp:status>
		<wp:post_parent>0</wp:post_parent>
		<wp:menu_order>0</wp:menu_order>
		<wp:post_type><![CDATA[page]]></wp:post_type>
		<wp:post_password><![CDATA[]]></wp:post_password>
		<wp:is_sticky>0</wp:is_sticky>
														<wp:postmeta>
		<wp:meta_key><![CDATA[_elementor_edit_mode]]></wp:meta_key>
		<wp:meta_value><![CDATA[builder]]></wp:meta_value>
		</wp:postmeta>
							<wp:postmeta>
		<wp:meta_key><![CDATA[_elementor_template_type]]></wp:meta_key>
		<wp:meta_value><![CDATA[wp-page]]></wp:meta_value>
		</wp:postmeta>
							<wp:postmeta>
		<wp:meta_key><![CDATA[_elementor_version]]></wp:meta_key>
		<wp:meta_value><![CDATA[3.4.8]]></wp:meta_value>
		</wp:postmeta>
							<wp:postmeta>
		<wp:meta_key><![CDATA[_wp_page_template]]></wp:meta_key>
		<wp:meta_value><![CDATA[elementor_canvas]]></wp:meta_value>
		</wp:postmeta>
							<wp:postmeta>
		<wp:meta_key><![CDATA[_elementor_data]]></wp:meta_key>
		<wp:meta_value><![CDATA[[{"id":"33d1e01","elType":"section","settings":{"structure":"30","background_overlay_background":"classic","_element_id":"Subir"},"elements":[{"id":"0feac3e","elType":"column","settings":{"_column_size":33,"_inline_size":10},"elements":[],"isInner":false},{"id":"4cf234e","elType":"column","settings":{"_column_size":33,"_inline_size":44.445,"background_background":"classic","background_overlay_background":"classic"},"elements":[{"id":"1dc5c99","elType":"widget","settings":{"eael_simple_menu_background":"#6162CE","_element_id":"Contato"},"elements":[],"widgetType":"eael-simple-menu"}],"isInner":false},{"id":"28e6d0d","elType":"column","settings":{"_column_size":33,"_inline_size":45.221,"background_background":"classic","_element_id":"Contato"},"elements":[{"id":"9098de9","elType":"widget","settings":{"view":"inline","icon_list":[{"text":"Facebook","selected_icon":{"value":"fab fa-facebook","library":"fa-brands"},"_id":"a191b9d","link":{"url":"https:\/\/www.facebook.com\/julia.nogueira.92351995","is_external":"","nofollow":"","custom_attributes":""}},{"text":"Instagram","selected_icon":{"value":"fab fa-instagram","library":"fa-brands"},"_id":"44cbf8e","link":{"url":"https:\/\/www.instagram.com\/ajuliasantos7\/","is_external":"","nofollow":"","custom_attributes":""}},{"text":"GitHub","selected_icon":{"value":"fab fa-github","library":"fa-brands"},"_id":"aedd7a9","link":{"url":"https:\/\/github.com\/ajuliasantos7","is_external":"","nofollow":"","custom_attributes":""}}]},"elements":[],"widgetType":"icon-list"}],"isInner":false}],"isInner":false},{"id":"2eb36b0","elType":"section","settings":{"content_width":{"unit":"px","size":900,"sizes":[]},"height":"min-height","custom_height":{"unit":"px","size":700,"sizes":[]},"background_background":"classic","background_image":{"url":"http:\/\/localhost\/sitedaJulia\/wp-content\/uploads\/2021\/12\/WhatsApp-Image-2021-08-24-at-21.53.16.jpeg","id":24,"alt":"","source":"library"},"background_position":"initial","background_ypos":{"unit":"px","size":-256,"sizes":[]},"background_repeat":"no-repeat","background_size":"initial","background_overlay_background":"classic","background_overlay_color":"#F0E6E6","background_overlay_opacity":{"unit":"px","size":0.43,"sizes":[]}},"elements":[{"id":"c07e80f","elType":"column","settings":{"_column_size":100,"_inline_size":100,"background_background":"classic"},"elements":[{"id":"7684e56","elType":"widget","settings":{"editor":"<p>Ol\u00e1, me chamo Julia, tenho 21 anos. Tenho ensino m\u00e9dio completo.<\/p>","align":"left","text_color":"#6162CE","typography_typography":"custom","typography_font_family":"Patua One","typography_font_size":{"unit":"px","size":20,"sizes":[]},"typography_font_weight":"400"},"elements":[],"widgetType":"text-editor"},{"id":"89c6688","elType":"widget","settings":[],"elements":[],"widgetType":"spacer"},{"id":"5fabc11","elType":"widget","settings":[],"elements":[],"widgetType":"spacer"},{"id":"48bfff3","elType":"widget","settings":[],"elements":[],"widgetType":"spacer"},{"id":"13a389b","elType":"widget","settings":[],"elements":[],"widgetType":"spacer"},{"id":"5f11060","elType":"widget","settings":[],"elements":[],"widgetType":"spacer"},{"id":"e6cc7a5","elType":"widget","settings":{"text":"LinkedIn","link":{"url":"https:\/\/www.linkedin.com\/in\/julia-nogueira-97867921b\/","is_external":"","nofollow":"","custom_attributes":""},"align":"left","background_color":"#6162CE"},"elements":[],"widgetType":"button"}],"isInner":false}],"isInner":false},{"id":"5a0a480","elType":"section","settings":{"_element_id":"Trabalhos "},"elements":[{"id":"aae0020","elType":"column","settings":{"_column_size":100,"_inline_size":null,"_element_id":"Trabalhos"},"elements":[{"id":"1560c1a","elType":"widget","settings":{"title":"Trabalhos","align":"center","title_color":"#6162CE"},"elements":[],"widgetType":"heading"},{"id":"e8d6086","elType":"widget","settings":{"eael_fg_items_to_show":"3","eael_fg_filter_duration":500,"eael_fg_grid_item_height":"300","eael_fg_all_label_text":"All","eael_fg_controls":[{"eael_fg_control":"Gallery Item","_id":"91aacd6"}],"eael_fg_gallery_items":[{"eael_fg_gallery_item_name":"Gallery Item Name","_id":"d982454","eael_fg_gallery_item_video_link":"https:\/\/www.youtube.com\/watch?v=kB4U67tiQLA","fg_item_price":"$20.00","fg_item_ratings":"5","fg_item_cat":"Essential Addons","eael_fg_gallery_img":{"url":"http:\/\/localhost\/sitedaJulia\/wp-content\/uploads\/2021\/12\/WhatsApp-Image-2021-12-06-at-23.36.24.jpeg","id":69,"alt":"","source":"library"}},{"eael_fg_gallery_item_name":"Gallery Item Name","_id":"637d965","eael_fg_gallery_item_video_link":"https:\/\/www.youtube.com\/watch?v=kB4U67tiQLA","fg_item_price":"$20.00","fg_item_ratings":"5","fg_item_cat":"Essential Addons","eael_fg_gallery_img":{"url":"http:\/\/localhost\/sitedaJulia\/wp-content\/uploads\/2021\/12\/WhatsApp-Image-2021-12-06-at-23.36.24-1.jpeg","id":68,"alt":"","source":"library"}},{"eael_fg_gallery_item_name":"Gallery Item Name","_id":"ac49262","eael_fg_gallery_item_video_link":"https:\/\/www.youtube.com\/watch?v=kB4U67tiQLA","fg_item_price":"$20.00","fg_item_ratings":"5","fg_item_cat":"Essential Addons","eael_fg_gallery_img":{"url":"http:\/\/localhost\/sitedaJulia\/wp-content\/uploads\/2021\/12\/WhatsApp-Image-2021-11-27-at-17.55.56.jpeg","id":67,"alt":"","source":"library"}},{"eael_fg_gallery_item_name":"Gallery Item Name","_id":"1841d3a","eael_fg_gallery_item_video_link":"https:\/\/www.youtube.com\/watch?v=kB4U67tiQLA","fg_item_price":"$20.00","fg_item_ratings":"5","fg_item_cat":"Essential Addons"},{"eael_fg_gallery_item_name":"Gallery Item Name","_id":"6aa099b","eael_fg_gallery_item_video_link":"https:\/\/www.youtube.com\/watch?v=kB4U67tiQLA","fg_item_price":"$20.00","fg_item_ratings":"5","fg_item_cat":"Essential Addons"},{"eael_fg_gallery_item_name":"Gallery Item Name","_id":"4cfc4c7","eael_fg_gallery_item_video_link":"https:\/\/www.youtube.com\/watch?v=kB4U67tiQLA","fg_item_price":"$20.00","fg_item_ratings":"5","fg_item_cat":"Essential Addons"}],"images_per_page":6,"load_more_text":"Load More","nomore_items_text":"No more items!","eael_fg_video_item_icon_hover_scale":"1.1","fg_sf_placeholder":"Search Gallery Item..."},"elements":[],"widgetType":"eael-filterable-gallery"}],"isInner":false}],"isInner":false},{"id":"7a8c9f1","elType":"section","settings":[],"elements":[{"id":"b047c15","elType":"column","settings":{"_column_size":100,"_inline_size":null,"background_background":"classic"},"elements":[{"id":"e3520c5","elType":"widget","settings":{"eael_simple_menu_menu":"3"},"elements":[],"widgetType":"eael-simple-menu"}],"isInner":false}],"isInner":false}]]]></wp:meta_value>
		</wp:postmeta>
							<wp:postmeta>
		<wp:meta_key><![CDATA[_elementor_page_assets]]></wp:meta_key>
		<wp:meta_value><![CDATA[a:0:{}]]></wp:meta_value>
		</wp:postmeta>
							<wp:postmeta>
		<wp:meta_key><![CDATA[_elementor_page_settings]]></wp:meta_key>
		<wp:meta_value><![CDATA[a:2:{s:21:"background_background";s:7:"classic";s:18:"eael_ext_toc_title";s:17:"Table of Contents";}]]></wp:meta_value>
		</wp:postmeta>
							<wp:postmeta>
		<wp:meta_key><![CDATA[_elementor_controls_usage]]></wp:meta_key>
		<wp:meta_value><![CDATA[a:9:{s:6:"column";a:3:{s:5:"count";i:6;s:15:"control_percent";i:1;s:8:"controls";a:3:{s:6:"layout";a:1:{s:6:"layout";a:1:{s:12:"_inline_size";i:6;}}s:5:"style";a:2:{s:13:"section_style";a:1:{s:21:"background_background";i:4;}s:26:"section_background_overlay";a:1:{s:29:"background_overlay_background";i:1;}}s:8:"advanced";a:1:{s:16:"section_advanced";a:1:{s:11:"_element_id";i:2;}}}}s:16:"eael-simple-menu";a:3:{s:5:"count";i:2;s:15:"control_percent";i:0;s:8:"controls";a:3:{s:5:"style";a:1:{s:35:"eael_simple_menu_section_style_menu";a:1:{s:27:"eael_simple_menu_background";i:1;}}s:8:"advanced";a:1:{s:14:"_section_style";a:1:{s:11:"_element_id";i:1;}}s:7:"content";a:1:{s:32:"eael_simple_menu_section_general";a:1:{s:21:"eael_simple_menu_menu";i:1;}}}}s:9:"icon-list";a:3:{s:5:"count";i:1;s:15:"control_percent";i:1;s:8:"controls";a:1:{s:7:"content";a:1:{s:12:"section_icon";a:2:{s:4:"view";i:1;s:9:"icon_list";i:1;}}}}s:7:"section";a:3:{s:5:"count";i:4;s:15:"control_percent";i:0;s:8:"controls";a:3:{s:6:"layout";a:2:{s:17:"section_structure";a:1:{s:9:"structure";i:1;}s:14:"section_layout";a:3:{s:13:"content_width";i:1;s:6:"height";i:1;s:13:"custom_height";i:1;}}s:5:"style";a:2:{s:26:"section_background_overlay";a:3:{s:29:"background_overlay_background";i:2;s:24:"background_overlay_color";i:1;s:26:"background_overlay_opacity";i:1;}s:18:"section_background";a:6:{s:21:"background_background";i:1;s:16:"background_image";i:1;s:19:"background_position";i:1;s:15:"background_ypos";i:1;s:17:"background_repeat";i:1;s:15:"background_size";i:1;}}s:8:"advanced";a:1:{s:16:"section_advanced";a:1:{s:11:"_element_id";i:2;}}}}s:11:"text-editor";a:3:{s:5:"count";i:1;s:15:"control_percent";i:4;s:8:"controls";a:2:{s:7:"content";a:1:{s:14:"section_editor";a:1:{s:6:"editor";i:1;}}s:5:"style";a:1:{s:13:"section_style";a:6:{s:5:"align";i:1;s:10:"text_color";i:1;s:21:"typography_typography";i:1;s:22:"typography_font_family";i:1;s:20:"typography_font_size";i:1;s:22:"typography_font_weight";i:1;}}}}s:6:"spacer";a:3:{s:5:"count";i:5;s:15:"control_percent";i:0;s:8:"controls";a:0:{}}s:6:"button";a:3:{s:5:"count";i:1;s:15:"control_percent";i:2;s:8:"controls";a:2:{s:7:"content";a:1:{s:14:"section_button";a:3:{s:4:"text";i:1;s:4:"link";i:1;s:5:"align";i:1;}}s:5:"style";a:1:{s:13:"section_style";a:1:{s:16:"background_color";i:1;}}}}s:7:"heading";a:3:{s:5:"count";i:1;s:15:"control_percent";i:2;s:8:"controls";a:2:{s:7:"content";a:1:{s:13:"section_title";a:2:{s:5:"title";i:1;s:5:"align";i:1;}}s:5:"style";a:1:{s:19:"section_title_style";a:1:{s:11:"title_color";i:1;}}}}s:23:"eael-filterable-gallery";a:3:{s:5:"count";i:1;s:15:"control_percent";i:1;s:8:"controls";a:1:{s:7:"content";a:3:{s:24:"eael_section_fg_settings";a:1:{s:21:"eael_fg_items_to_show";i:1;}s:32:"eael_section_fg_control_settings";a:1:{s:16:"eael_fg_controls";i:1;}s:29:"eael_section_fg_grid_settings";a:1:{s:21:"eael_fg_gallery_items";i:1;}}}}}]]></wp:meta_value>
		</wp:postmeta>
							</item>
					<item>
		<title><![CDATA[Kit padrão]]></title>
		<link>http://localhost/sitedaJulia/?elementor_library=kit-padrao</link>
		<pubDate>Mon, 06 Dec 2021 23:44:23 +0000</pubDate>
		<dc:creator><![CDATA[Julia]]></dc:creator>
		<guid isPermaLink="false">http://localhost/sitedaJulia/?p=8</guid>
		<description></description>
		<content:encoded><![CDATA[]]></content:encoded>
		<excerpt:encoded><![CDATA[]]></excerpt:encoded>
		<wp:post_id>8</wp:post_id>
		<wp:post_date><![CDATA[2021-12-06 20:44:23]]></wp:post_date>
		<wp:post_date_gmt><![CDATA[2021-12-06 23:44:23]]></wp:post_date_gmt>
		<wp:post_modified><![CDATA[2021-12-06 20:44:23]]></wp:post_modified>
		<wp:post_modified_gmt><![CDATA[2021-12-06 23:44:23]]></wp:post_modified_gmt>
		<wp:comment_status><![CDATA[closed]]></wp:comment_status>
		<wp:ping_status><![CDATA[closed]]></wp:ping_status>
		<wp:post_name><![CDATA[kit-padrao]]></wp:post_name>
		<wp:status><![CDATA[publish]]></wp:status>
		<wp:post_parent>0</wp:post_parent>
		<wp:menu_order>0</wp:menu_order>
		<wp:post_type><![CDATA[elementor_library]]></wp:post_type>
		<wp:post_password><![CDATA[]]></wp:post_password>
		<wp:is_sticky>0</wp:is_sticky>
														<wp:postmeta>
		<wp:meta_key><![CDATA[_elementor_edit_mode]]></wp:meta_key>
		<wp:meta_value><![CDATA[builder]]></wp:meta_value>
		</wp:postmeta>
							<wp:postmeta>
		<wp:meta_key><![CDATA[_elementor_template_type]]></wp:meta_key>
		<wp:meta_value><![CDATA[kit]]></wp:meta_value>
		</wp:postmeta>
							</item>
					<item>
		<title><![CDATA[WhatsApp Image 2021-08-24 at 21.53.16]]></title>
		<link>http://localhost/sitedaJulia/home/whatsapp-image-2021-08-24-at-21-53-16/</link>
		<pubDate>Tue, 07 Dec 2021 01:29:53 +0000</pubDate>
		<dc:creator><![CDATA[Julia]]></dc:creator>
		<guid isPermaLink="false">http://localhost/sitedaJulia/wp-content/uploads/2021/12/WhatsApp-Image-2021-08-24-at-21.53.16.jpeg</guid>
		<description></description>
		<content:encoded><![CDATA[]]></content:encoded>
		<excerpt:encoded><![CDATA[]]></excerpt:encoded>
		<wp:post_id>24</wp:post_id>
		<wp:post_date><![CDATA[2021-12-06 22:29:53]]></wp:post_date>
		<wp:post_date_gmt><![CDATA[2021-12-07 01:29:53]]></wp:post_date_gmt>
		<wp:post_modified><![CDATA[2021-12-06 22:29:53]]></wp:post_modified>
		<wp:post_modified_gmt><![CDATA[2021-12-07 01:29:53]]></wp:post_modified_gmt>
		<wp:comment_status><![CDATA[open]]></wp:comment_status>
		<wp:ping_status><![CDATA[closed]]></wp:ping_status>
		<wp:post_name><![CDATA[whatsapp-image-2021-08-24-at-21-53-16]]></wp:post_name>
		<wp:status><![CDATA[inherit]]></wp:status>
		<wp:post_parent>6</wp:post_parent>
		<wp:menu_order>0</wp:menu_order>
		<wp:post_type><![CDATA[attachment]]></wp:post_type>
		<wp:post_password><![CDATA[]]></wp:post_password>
		<wp:is_sticky>0</wp:is_sticky>
						<wp:attachment_url><![CDATA[http://localhost/sitedaJulia/wp-content/uploads/2021/12/WhatsApp-Image-2021-08-24-at-21.53.16.jpeg]]></wp:attachment_url>
											<wp:postmeta>
		<wp:meta_key><![CDATA[_wp_attached_file]]></wp:meta_key>
		<wp:meta_value><![CDATA[2021/12/WhatsApp-Image-2021-08-24-at-21.53.16.jpeg]]></wp:meta_value>
		</wp:postmeta>
							<wp:postmeta>
		<wp:meta_key><![CDATA[_wp_attachment_metadata]]></wp:meta_key>
		<wp:meta_value><![CDATA[a:5:{s:5:"width";i:1200;s:6:"height";i:1600;s:4:"file";s:50:"2021/12/WhatsApp-Image-2021-08-24-at-21.53.16.jpeg";s:5:"sizes";a:0:{}s:10:"image_meta";a:12:{s:8:"aperture";s:1:"0";s:6:"credit";s:0:"";s:6:"camera";s:0:"";s:7:"caption";s:0:"";s:17:"created_timestamp";s:1:"0";s:9:"copyright";s:0:"";s:12:"focal_length";s:1:"0";s:3:"iso";s:1:"0";s:13:"shutter_speed";s:1:"0";s:5:"title";s:0:"";s:11:"orientation";s:1:"0";s:8:"keywords";a:0:{}}}]]></wp:meta_value>
		</wp:postmeta>
							</item>
					<item>
		<title><![CDATA[WhatsApp Image 2021-08-30 at 00.35.06]]></title>
		<link>http://localhost/sitedaJulia/home/whatsapp-image-2021-08-30-at-00-35-06/</link>
		<pubDate>Tue, 07 Dec 2021 01:31:55 +0000</pubDate>
		<dc:creator><![CDATA[Julia]]></dc:creator>
		<guid isPermaLink="false">http://localhost/sitedaJulia/wp-content/uploads/2021/12/WhatsApp-Image-2021-08-30-at-00.35.06.jpeg</guid>
		<description></description>
		<content:encoded><![CDATA[]]></content:encoded>
		<excerpt:encoded><![CDATA[]]></excerpt:encoded>
		<wp:post_id>35</wp:post_id>
		<wp:post_date><![CDATA[2021-12-06 22:31:55]]></wp:post_date>
		<wp:post_date_gmt><![CDATA[2021-12-07 01:31:55]]></wp:post_date_gmt>
		<wp:post_modified><![CDATA[2021-12-06 22:31:55]]></wp:post_modified>
		<wp:post_modified_gmt><![CDATA[2021-12-07 01:31:55]]></wp:post_modified_gmt>
		<wp:comment_status><![CDATA[open]]></wp:comment_status>
		<wp:ping_status><![CDATA[closed]]></wp:ping_status>
		<wp:post_name><![CDATA[whatsapp-image-2021-08-30-at-00-35-06]]></wp:post_name>
		<wp:status><![CDATA[inherit]]></wp:status>
		<wp:post_parent>6</wp:post_parent>
		<wp:menu_order>0</wp:menu_order>
		<wp:post_type><![CDATA[attachment]]></wp:post_type>
		<wp:post_password><![CDATA[]]></wp:post_password>
		<wp:is_sticky>0</wp:is_sticky>
						<wp:attachment_url><![CDATA[http://localhost/sitedaJulia/wp-content/uploads/2021/12/WhatsApp-Image-2021-08-30-at-00.35.06.jpeg]]></wp:attachment_url>
											<wp:postmeta>
		<wp:meta_key><![CDATA[_wp_attached_file]]></wp:meta_key>
		<wp:meta_value><![CDATA[2021/12/WhatsApp-Image-2021-08-30-at-00.35.06.jpeg]]></wp:meta_value>
		</wp:postmeta>
							<wp:postmeta>
		<wp:meta_key><![CDATA[_wp_attachment_metadata]]></wp:meta_key>
		<wp:meta_value><![CDATA[a:5:{s:5:"width";i:1024;s:6:"height";i:768;s:4:"file";s:50:"2021/12/WhatsApp-Image-2021-08-30-at-00.35.06.jpeg";s:5:"sizes";a:0:{}s:10:"image_meta";a:12:{s:8:"aperture";s:1:"0";s:6:"credit";s:0:"";s:6:"camera";s:0:"";s:7:"caption";s:0:"";s:17:"created_timestamp";s:1:"0";s:9:"copyright";s:0:"";s:12:"focal_length";s:1:"0";s:3:"iso";s:1:"0";s:13:"shutter_speed";s:1:"0";s:5:"title";s:0:"";s:11:"orientation";s:1:"0";s:8:"keywords";a:0:{}}}]]></wp:meta_value>
		</wp:postmeta>
							</item>
					<item>
		<title><![CDATA[WhatsApp Image 2021-11-27 at 17.55.56]]></title>
		<link>http://localhost/sitedaJulia/home/whatsapp-image-2021-11-27-at-17-55-56/</link>
		<pubDate>Tue, 07 Dec 2021 02:42:15 +0000</pubDate>
		<dc:creator><![CDATA[Julia]]></dc:creator>
		<guid isPermaLink="false">http://localhost/sitedaJulia/wp-content/uploads/2021/12/WhatsApp-Image-2021-11-27-at-17.55.56.jpeg</guid>
		<description></description>
		<content:encoded><![CDATA[]]></content:encoded>
		<excerpt:encoded><![CDATA[]]></excerpt:encoded>
		<wp:post_id>67</wp:post_id>
		<wp:post_date><![CDATA[2021-12-06 23:42:15]]></wp:post_date>
		<wp:post_date_gmt><![CDATA[2021-12-07 02:42:15]]></wp:post_date_gmt>
		<wp:post_modified><![CDATA[2021-12-06 23:42:15]]></wp:post_modified>
		<wp:post_modified_gmt><![CDATA[2021-12-07 02:42:15]]></wp:post_modified_gmt>
		<wp:comment_status><![CDATA[open]]></wp:comment_status>
		<wp:ping_status><![CDATA[closed]]></wp:ping_status>
		<wp:post_name><![CDATA[whatsapp-image-2021-11-27-at-17-55-56]]></wp:post_name>
		<wp:status><![CDATA[inherit]]></wp:status>
		<wp:post_parent>6</wp:post_parent>
		<wp:menu_order>0</wp:menu_order>
		<wp:post_type><![CDATA[attachment]]></wp:post_type>
		<wp:post_password><![CDATA[]]></wp:post_password>
		<wp:is_sticky>0</wp:is_sticky>
						<wp:attachment_url><![CDATA[http://localhost/sitedaJulia/wp-content/uploads/2021/12/WhatsApp-Image-2021-11-27-at-17.55.56.jpeg]]></wp:attachment_url>
											<wp:postmeta>
		<wp:meta_key><![CDATA[_wp_attached_file]]></wp:meta_key>
		<wp:meta_value><![CDATA[2021/12/WhatsApp-Image-2021-11-27-at-17.55.56.jpeg]]></wp:meta_value>
		</wp:postmeta>
							<wp:postmeta>
		<wp:meta_key><![CDATA[_wp_attachment_metadata]]></wp:meta_key>
		<wp:meta_value><![CDATA[a:5:{s:5:"width";i:1024;s:6:"height";i:576;s:4:"file";s:50:"2021/12/WhatsApp-Image-2021-11-27-at-17.55.56.jpeg";s:5:"sizes";a:0:{}s:10:"image_meta";a:12:{s:8:"aperture";s:1:"0";s:6:"credit";s:0:"";s:6:"camera";s:0:"";s:7:"caption";s:0:"";s:17:"created_timestamp";s:1:"0";s:9:"copyright";s:0:"";s:12:"focal_length";s:1:"0";s:3:"iso";s:1:"0";s:13:"shutter_speed";s:1:"0";s:5:"title";s:0:"";s:11:"orientation";s:1:"0";s:8:"keywords";a:0:{}}}]]></wp:meta_value>
		</wp:postmeta>
							</item>
					<item>
		<title><![CDATA[WhatsApp Image 2021-12-06 at 23.36.24 (1)]]></title>
		<link>http://localhost/sitedaJulia/home/whatsapp-image-2021-12-06-at-23-36-24-1/</link>
		<pubDate>Tue, 07 Dec 2021 02:42:28 +0000</pubDate>
		<dc:creator><![CDATA[Julia]]></dc:creator>
		<guid isPermaLink="false">http://localhost/sitedaJulia/wp-content/uploads/2021/12/WhatsApp-Image-2021-12-06-at-23.36.24-1.jpeg</guid>
		<description></description>
		<content:encoded><![CDATA[]]></content:encoded>
		<excerpt:encoded><![CDATA[]]></excerpt:encoded>
		<wp:post_id>68</wp:post_id>
		<wp:post_date><![CDATA[2021-12-06 23:42:28]]></wp:post_date>
		<wp:post_date_gmt><![CDATA[2021-12-07 02:42:28]]></wp:post_date_gmt>
		<wp:post_modified><![CDATA[2021-12-06 23:42:28]]></wp:post_modified>
		<wp:post_modified_gmt><![CDATA[2021-12-07 02:42:28]]></wp:post_modified_gmt>
		<wp:comment_status><![CDATA[open]]></wp:comment_status>
		<wp:ping_status><![CDATA[closed]]></wp:ping_status>
		<wp:post_name><![CDATA[whatsapp-image-2021-12-06-at-23-36-24-1]]></wp:post_name>
		<wp:status><![CDATA[inherit]]></wp:status>
		<wp:post_parent>6</wp:post_parent>
		<wp:menu_order>0</wp:menu_order>
		<wp:post_type><![CDATA[attachment]]></wp:post_type>
		<wp:post_password><![CDATA[]]></wp:post_password>
		<wp:is_sticky>0</wp:is_sticky>
						<wp:attachment_url><![CDATA[http://localhost/sitedaJulia/wp-content/uploads/2021/12/WhatsApp-Image-2021-12-06-at-23.36.24-1.jpeg]]></wp:attachment_url>
											<wp:postmeta>
		<wp:meta_key><![CDATA[_wp_attached_file]]></wp:meta_key>
		<wp:meta_value><![CDATA[2021/12/WhatsApp-Image-2021-12-06-at-23.36.24-1.jpeg]]></wp:meta_value>
		</wp:postmeta>
							<wp:postmeta>
		<wp:meta_key><![CDATA[_wp_attachment_metadata]]></wp:meta_key>
		<wp:meta_value><![CDATA[a:5:{s:5:"width";i:576;s:6:"height";i:1024;s:4:"file";s:52:"2021/12/WhatsApp-Image-2021-12-06-at-23.36.24-1.jpeg";s:5:"sizes";a:0:{}s:10:"image_meta";a:12:{s:8:"aperture";s:1:"0";s:6:"credit";s:0:"";s:6:"camera";s:0:"";s:7:"caption";s:0:"";s:17:"created_timestamp";s:1:"0";s:9:"copyright";s:0:"";s:12:"focal_length";s:1:"0";s:3:"iso";s:1:"0";s:13:"shutter_speed";s:1:"0";s:5:"title";s:0:"";s:11:"orientation";s:1:"0";s:8:"keywords";a:0:{}}}]]></wp:meta_value>
		</wp:postmeta>
							</item>
					<item>
		<title><![CDATA[WhatsApp Image 2021-12-06 at 23.36.24]]></title>
		<link>http://localhost/sitedaJulia/home/whatsapp-image-2021-12-06-at-23-36-24/</link>
		<pubDate>Tue, 07 Dec 2021 02:42:38 +0000</pubDate>
		<dc:creator><![CDATA[Julia]]></dc:creator>
		<guid isPermaLink="false">http://localhost/sitedaJulia/wp-content/uploads/2021/12/WhatsApp-Image-2021-12-06-at-23.36.24.jpeg</guid>
		<description></description>
		<content:encoded><![CDATA[]]></content:encoded>
		<excerpt:encoded><![CDATA[]]></excerpt:encoded>
		<wp:post_id>69</wp:post_id>
		<wp:post_date><![CDATA[2021-12-06 23:42:38]]></wp:post_date>
		<wp:post_date_gmt><![CDATA[2021-12-07 02:42:38]]></wp:post_date_gmt>
		<wp:post_modified><![CDATA[2021-12-06 23:42:38]]></wp:post_modified>
		<wp:post_modified_gmt><![CDATA[2021-12-07 02:42:38]]></wp:post_modified_gmt>
		<wp:comment_status><![CDATA[open]]></wp:comment_status>
		<wp:ping_status><![CDATA[closed]]></wp:ping_status>
		<wp:post_name><![CDATA[whatsapp-image-2021-12-06-at-23-36-24]]></wp:post_name>
		<wp:status><![CDATA[inherit]]></wp:status>
		<wp:post_parent>6</wp:post_parent>
		<wp:menu_order>0</wp:menu_order>
		<wp:post_type><![CDATA[attachment]]></wp:post_type>
		<wp:post_password><![CDATA[]]></wp:post_password>
		<wp:is_sticky>0</wp:is_sticky>
						<wp:attachment_url><![CDATA[http://localhost/sitedaJulia/wp-content/uploads/2021/12/WhatsApp-Image-2021-12-06-at-23.36.24.jpeg]]></wp:attachment_url>
											<wp:postmeta>
		<wp:meta_key><![CDATA[_wp_attached_file]]></wp:meta_key>
		<wp:meta_value><![CDATA[2021/12/WhatsApp-Image-2021-12-06-at-23.36.24.jpeg]]></wp:meta_value>
		</wp:postmeta>
							<wp:postmeta>
		<wp:meta_key><![CDATA[_wp_attachment_metadata]]></wp:meta_key>
		<wp:meta_value><![CDATA[a:5:{s:5:"width";i:576;s:6:"height";i:1024;s:4:"file";s:50:"2021/12/WhatsApp-Image-2021-12-06-at-23.36.24.jpeg";s:5:"sizes";a:0:{}s:10:"image_meta";a:12:{s:8:"aperture";s:1:"0";s:6:"credit";s:0:"";s:6:"camera";s:0:"";s:7:"caption";s:0:"";s:17:"created_timestamp";s:1:"0";s:9:"copyright";s:0:"";s:12:"focal_length";s:1:"0";s:3:"iso";s:1:"0";s:13:"shutter_speed";s:1:"0";s:5:"title";s:0:"";s:11:"orientation";s:1:"0";s:8:"keywords";a:0:{}}}]]></wp:meta_value>
		</wp:postmeta>
							</item>
					<item>
		<title><![CDATA[Nova]]></title>
		<link>http://localhost/sitedaJulia/nova/</link>
		<pubDate>Tue, 07 Dec 2021 19:55:53 +0000</pubDate>
		<dc:creator><![CDATA[Julia]]></dc:creator>
		<guid isPermaLink="false">http://localhost/sitedaJulia/?page_id=98</guid>
		<description></description>
		<content:encoded><![CDATA[]]></content:encoded>
		<excerpt:encoded><![CDATA[]]></excerpt:encoded>
		<wp:post_id>98</wp:post_id>
		<wp:post_date><![CDATA[2021-12-07 16:55:53]]></wp:post_date>
		<wp:post_date_gmt><![CDATA[2021-12-07 19:55:53]]></wp:post_date_gmt>
		<wp:post_modified><![CDATA[2021-12-07 16:55:53]]></wp:post_modified>
		<wp:post_modified_gmt><![CDATA[2021-12-07 19:55:53]]></wp:post_modified_gmt>
		<wp:comment_status><![CDATA[closed]]></wp:comment_status>
		<wp:ping_status><![CDATA[closed]]></wp:ping_status>
		<wp:post_name><![CDATA[nova]]></wp:post_name>
		<wp:status><![CDATA[publish]]></wp:status>
		<wp:post_parent>0</wp:post_parent>
		<wp:menu_order>0</wp:menu_order>
		<wp:post_type><![CDATA[page]]></wp:post_type>
		<wp:post_password><![CDATA[]]></wp:post_password>
		<wp:is_sticky>0</wp:is_sticky>
														<wp:postmeta>
		<wp:meta_key><![CDATA[_elementor_edit_mode]]></wp:meta_key>
		<wp:meta_value><![CDATA[builder]]></wp:meta_value>
		</wp:postmeta>
							<wp:postmeta>
		<wp:meta_key><![CDATA[_elementor_template_type]]></wp:meta_key>
		<wp:meta_value><![CDATA[wp-page]]></wp:meta_value>
		</wp:postmeta>
							<wp:postmeta>
		<wp:meta_key><![CDATA[_elementor_version]]></wp:meta_key>
		<wp:meta_value><![CDATA[3.4.8]]></wp:meta_value>
		</wp:postmeta>
							</item>
					<item>
		<title><![CDATA[Trabalhos]]></title>
		<link>http://localhost/sitedaJulia/2021/12/07/trabalhos/</link>
		<pubDate>Tue, 07 Dec 2021 21:45:36 +0000</pubDate>
		<dc:creator><![CDATA[Julia]]></dc:creator>
		<guid isPermaLink="false">http://localhost/sitedaJulia/?p=129</guid>
		<description></description>
		<content:encoded><![CDATA[]]></content:encoded>
		<excerpt:encoded><![CDATA[]]></excerpt:encoded>
		<wp:post_id>129</wp:post_id>
		<wp:post_date><![CDATA[2021-12-07 19:21:30]]></wp:post_date>
		<wp:post_date_gmt><![CDATA[2021-12-07 21:45:36]]></wp:post_date_gmt>
		<wp:post_modified><![CDATA[2021-12-07 19:21:30]]></wp:post_modified>
		<wp:post_modified_gmt><![CDATA[2021-12-07 22:21:30]]></wp:post_modified_gmt>
		<wp:comment_status><![CDATA[closed]]></wp:comment_status>
		<wp:ping_status><![CDATA[closed]]></wp:ping_status>
		<wp:post_name><![CDATA[trabalhos]]></wp:post_name>
		<wp:status><![CDATA[publish]]></wp:status>
		<wp:post_parent>0</wp:post_parent>
		<wp:menu_order>1</wp:menu_order>
		<wp:post_type><![CDATA[nav_menu_item]]></wp:post_type>
		<wp:post_password><![CDATA[]]></wp:post_password>
		<wp:is_sticky>0</wp:is_sticky>
										<category domain="nav_menu" nicename="menu"><![CDATA[Menu]]></category>
						<wp:postmeta>
		<wp:meta_key><![CDATA[_menu_item_type]]></wp:meta_key>
		<wp:meta_value><![CDATA[custom]]></wp:meta_value>
		</wp:postmeta>
							<wp:postmeta>
		<wp:meta_key><![CDATA[_menu_item_menu_item_parent]]></wp:meta_key>
		<wp:meta_value><![CDATA[0]]></wp:meta_value>
		</wp:postmeta>
							<wp:postmeta>
		<wp:meta_key><![CDATA[_menu_item_object_id]]></wp:meta_key>
		<wp:meta_value><![CDATA[129]]></wp:meta_value>
		</wp:postmeta>
							<wp:postmeta>
		<wp:meta_key><![CDATA[_menu_item_object]]></wp:meta_key>
		<wp:meta_value><![CDATA[custom]]></wp:meta_value>
		</wp:postmeta>
							<wp:postmeta>
		<wp:meta_key><![CDATA[_menu_item_target]]></wp:meta_key>
		<wp:meta_value><![CDATA[]]></wp:meta_value>
		</wp:postmeta>
							<wp:postmeta>
		<wp:meta_key><![CDATA[_menu_item_classes]]></wp:meta_key>
		<wp:meta_value><![CDATA[a:1:{i:0;s:0:"";}]]></wp:meta_value>
		</wp:postmeta>
							<wp:postmeta>
		<wp:meta_key><![CDATA[_menu_item_xfn]]></wp:meta_key>
		<wp:meta_value><![CDATA[]]></wp:meta_value>
		</wp:postmeta>
							<wp:postmeta>
		<wp:meta_key><![CDATA[_menu_item_url]]></wp:meta_key>
		<wp:meta_value><![CDATA[#Trabalhos]]></wp:meta_value>
		</wp:postmeta>
							</item>
					<item>
		<title><![CDATA[Contato]]></title>
		<link>http://localhost/sitedaJulia/2021/12/07/contato/</link>
		<pubDate>Tue, 07 Dec 2021 21:45:37 +0000</pubDate>
		<dc:creator><![CDATA[Julia]]></dc:creator>
		<guid isPermaLink="false">http://localhost/sitedaJulia/?p=130</guid>
		<description></description>
		<content:encoded><![CDATA[]]></content:encoded>
		<excerpt:encoded><![CDATA[]]></excerpt:encoded>
		<wp:post_id>130</wp:post_id>
		<wp:post_date><![CDATA[2021-12-07 19:21:30]]></wp:post_date>
		<wp:post_date_gmt><![CDATA[2021-12-07 21:45:37]]></wp:post_date_gmt>
		<wp:post_modified><![CDATA[2021-12-07 19:21:30]]></wp:post_modified>
		<wp:post_modified_gmt><![CDATA[2021-12-07 22:21:30]]></wp:post_modified_gmt>
		<wp:comment_status><![CDATA[closed]]></wp:comment_status>
		<wp:ping_status><![CDATA[closed]]></wp:ping_status>
		<wp:post_name><![CDATA[contato]]></wp:post_name>
		<wp:status><![CDATA[publish]]></wp:status>
		<wp:post_parent>0</wp:post_parent>
		<wp:menu_order>2</wp:menu_order>
		<wp:post_type><![CDATA[nav_menu_item]]></wp:post_type>
		<wp:post_password><![CDATA[]]></wp:post_password>
		<wp:is_sticky>0</wp:is_sticky>
										<category domain="nav_menu" nicename="menu"><![CDATA[Menu]]></category>
						<wp:postmeta>
		<wp:meta_key><![CDATA[_menu_item_type]]></wp:meta_key>
		<wp:meta_value><![CDATA[custom]]></wp:meta_value>
		</wp:postmeta>
							<wp:postmeta>
		<wp:meta_key><![CDATA[_menu_item_menu_item_parent]]></wp:meta_key>
		<wp:meta_value><![CDATA[0]]></wp:meta_value>
		</wp:postmeta>
							<wp:postmeta>
		<wp:meta_key><![CDATA[_menu_item_object_id]]></wp:meta_key>
		<wp:meta_value><![CDATA[130]]></wp:meta_value>
		</wp:postmeta>
							<wp:postmeta>
		<wp:meta_key><![CDATA[_menu_item_object]]></wp:meta_key>
		<wp:meta_value><![CDATA[custom]]></wp:meta_value>
		</wp:postmeta>
							<wp:postmeta>
		<wp:meta_key><![CDATA[_menu_item_target]]></wp:meta_key>
		<wp:meta_value><![CDATA[]]></wp:meta_value>
		</wp:postmeta>
							<wp:postmeta>
		<wp:meta_key><![CDATA[_menu_item_classes]]></wp:meta_key>
		<wp:meta_value><![CDATA[a:1:{i:0;s:0:"";}]]></wp:meta_value>
		</wp:postmeta>
							<wp:postmeta>
		<wp:meta_key><![CDATA[_menu_item_xfn]]></wp:meta_key>
		<wp:meta_value><![CDATA[]]></wp:meta_value>
		</wp:postmeta>
							<wp:postmeta>
		<wp:meta_key><![CDATA[_menu_item_url]]></wp:meta_key>
		<wp:meta_value><![CDATA[#Contato]]></wp:meta_value>
		</wp:postmeta>
							</item>
					<item>
		<title><![CDATA[Voltar]]></title>
		<link>http://localhost/sitedaJulia/?p=148</link>
		<pubDate></pubDate>
		<dc:creator><![CDATA[Julia]]></dc:creator>
		<guid isPermaLink="false">http://localhost/sitedaJulia/?p=148</guid>
		<description></description>
		<content:encoded><![CDATA[]]></content:encoded>
		<excerpt:encoded><![CDATA[]]></excerpt:encoded>
		<wp:post_id>148</wp:post_id>
		<wp:post_date><![CDATA[2021-12-07 19:18:39]]></wp:post_date>
		<wp:post_date_gmt><![CDATA[0000-00-00 00:00:00]]></wp:post_date_gmt>
		<wp:post_modified><![CDATA[2021-12-07 19:18:39]]></wp:post_modified>
		<wp:post_modified_gmt><![CDATA[0000-00-00 00:00:00]]></wp:post_modified_gmt>
		<wp:comment_status><![CDATA[closed]]></wp:comment_status>
		<wp:ping_status><![CDATA[closed]]></wp:ping_status>
		<wp:post_name><![CDATA[]]></wp:post_name>
		<wp:status><![CDATA[draft]]></wp:status>
		<wp:post_parent>0</wp:post_parent>
		<wp:menu_order>1</wp:menu_order>
		<wp:post_type><![CDATA[nav_menu_item]]></wp:post_type>
		<wp:post_password><![CDATA[]]></wp:post_password>
		<wp:is_sticky>0</wp:is_sticky>
														<wp:postmeta>
		<wp:meta_key><![CDATA[_menu_item_type]]></wp:meta_key>
		<wp:meta_value><![CDATA[custom]]></wp:meta_value>
		</wp:postmeta>
							<wp:postmeta>
		<wp:meta_key><![CDATA[_menu_item_menu_item_parent]]></wp:meta_key>
		<wp:meta_value><![CDATA[0]]></wp:meta_value>
		</wp:postmeta>
							<wp:postmeta>
		<wp:meta_key><![CDATA[_menu_item_object_id]]></wp:meta_key>
		<wp:meta_value><![CDATA[148]]></wp:meta_value>
		</wp:postmeta>
							<wp:postmeta>
		<wp:meta_key><![CDATA[_menu_item_object]]></wp:meta_key>
		<wp:meta_value><![CDATA[custom]]></wp:meta_value>
		</wp:postmeta>
							<wp:postmeta>
		<wp:meta_key><![CDATA[_menu_item_target]]></wp:meta_key>
		<wp:meta_value><![CDATA[]]></wp:meta_value>
		</wp:postmeta>
							<wp:postmeta>
		<wp:meta_key><![CDATA[_menu_item_classes]]></wp:meta_key>
		<wp:meta_value><![CDATA[a:1:{i:0;s:0:"";}]]></wp:meta_value>
		</wp:postmeta>
							<wp:postmeta>
		<wp:meta_key><![CDATA[_menu_item_xfn]]></wp:meta_key>
		<wp:meta_value><![CDATA[]]></wp:meta_value>
		</wp:postmeta>
							<wp:postmeta>
		<wp:meta_key><![CDATA[_menu_item_url]]></wp:meta_key>
		<wp:meta_value><![CDATA[#Voltar]]></wp:meta_value>
		</wp:postmeta>
							<wp:postmeta>
		<wp:meta_key><![CDATA[_menu_item_orphaned]]></wp:meta_key>
		<wp:meta_value><![CDATA[1638915519]]></wp:meta_value>
		</wp:postmeta>
							</item>
					<item>
		<title><![CDATA[Subir]]></title>
		<link>http://localhost/sitedaJulia/2021/12/07/subir/</link>
		<pubDate>Tue, 07 Dec 2021 22:23:39 +0000</pubDate>
		<dc:creator><![CDATA[Julia]]></dc:creator>
		<guid isPermaLink="false">http://localhost/sitedaJulia/?p=153</guid>
		<description></description>
		<content:encoded><![CDATA[]]></content:encoded>
		<excerpt:encoded><![CDATA[]]></excerpt:encoded>
		<wp:post_id>153</wp:post_id>
		<wp:post_date><![CDATA[2021-12-07 19:23:50]]></wp:post_date>
		<wp:post_date_gmt><![CDATA[2021-12-07 22:23:39]]></wp:post_date_gmt>
		<wp:post_modified><![CDATA[2021-12-07 19:23:50]]></wp:post_modified>
		<wp:post_modified_gmt><![CDATA[2021-12-07 22:23:50]]></wp:post_modified_gmt>
		<wp:comment_status><![CDATA[closed]]></wp:comment_status>
		<wp:ping_status><![CDATA[closed]]></wp:ping_status>
		<wp:post_name><![CDATA[subir]]></wp:post_name>
		<wp:status><![CDATA[publish]]></wp:status>
		<wp:post_parent>0</wp:post_parent>
		<wp:menu_order>1</wp:menu_order>
		<wp:post_type><![CDATA[nav_menu_item]]></wp:post_type>
		<wp:post_password><![CDATA[]]></wp:post_password>
		<wp:is_sticky>0</wp:is_sticky>
										<category domain="nav_menu" nicename="voltar"><![CDATA[Voltar]]></category>
						<wp:postmeta>
		<wp:meta_key><![CDATA[_menu_item_type]]></wp:meta_key>
		<wp:meta_value><![CDATA[custom]]></wp:meta_value>
		</wp:postmeta>
							<wp:postmeta>
		<wp:meta_key><![CDATA[_menu_item_menu_item_parent]]></wp:meta_key>
		<wp:meta_value><![CDATA[0]]></wp:meta_value>
		</wp:postmeta>
							<wp:postmeta>
		<wp:meta_key><![CDATA[_menu_item_object_id]]></wp:meta_key>
		<wp:meta_value><![CDATA[153]]></wp:meta_value>
		</wp:postmeta>
							<wp:postmeta>
		<wp:meta_key><![CDATA[_menu_item_object]]></wp:meta_key>
		<wp:meta_value><![CDATA[custom]]></wp:meta_value>
		</wp:postmeta>
							<wp:postmeta>
		<wp:meta_key><![CDATA[_menu_item_target]]></wp:meta_key>
		<wp:meta_value><![CDATA[]]></wp:meta_value>
		</wp:postmeta>
							<wp:postmeta>
		<wp:meta_key><![CDATA[_menu_item_classes]]></wp:meta_key>
		<wp:meta_value><![CDATA[a:1:{i:0;s:0:"";}]]></wp:meta_value>
		</wp:postmeta>
							<wp:postmeta>
		<wp:meta_key><![CDATA[_menu_item_xfn]]></wp:meta_key>
		<wp:meta_value><![CDATA[]]></wp:meta_value>
		</wp:postmeta>
							<wp:postmeta>
		<wp:meta_key><![CDATA[_menu_item_url]]></wp:meta_key>
		<wp:meta_value><![CDATA[#Subir]]></wp:meta_value>
		</wp:postmeta>
							</item>
				</channel>
</rss>
	